Название дивана,Цена,Скидка %,Ссылка на диван
Диван Эби Velvet Coral,66990,36%,https://www.divan.ruhttps://www.divan.ru/sankt-peterburg/product/divan-ebi-velvet-coral
Диван Нумо Velvet Green,38990,30%,https://www.divan.ruhttps://www.divan.ru/sankt-peterburg/product/divan-numo-velvet-green
Диван Нумо Мини Textile Light,26990,39%,https://www.divan.ruhttps://www.divan.ru/sankt-peterburg/product/divan-numo-mini-textile-light
Диван угловой Онте Textile Grafit,129990,19%,https://www.divan.ruhttps://www.divan.ru/sankt-peterburg/product/divan-uglovoj-onte-textile-grafit
Диван Слипсон Velvet Milk,59990,30%,https://www.divan.ruhttps://www.divan.ru/sankt-peterburg/product/divan-slipson-velvet-milk
Диван Клаймар Velvet Terra,58990,25%,https://www.divan.ruhttps://www.divan.ru/sankt-peterburg/product/divan-klajmar-velvet-terra
Диван Льери Мини Velvet Yellow,64990,30%,https://www.divan.ruhttps://www.divan.ru/sankt-peterburg/product/divan-leri-mini-velvet-yellow
Диван Виена Velvet Smoke,64990,26%,https://www.divan.ruhttps://www.divan.ru/sankt-peterburg/product/divan-viena-time-grey
Диван угловой Аллаум Linia Stone,52990,21%,https://www.divan.ruhttps://www.divan.ru/sankt-peterburg/product/divan-uglovoj-allaum-linia-stone
Диван Ларонсо Soft Blue,94990,18%,https://www.divan.ruhttps://www.divan.ru/sankt-peterburg/product/divan-laronso-soft-blue
Диван Маре Мини Velvet Grafit,28990,41%,https://www.divan.ruhttps://www.divan.ru/sankt-peterburg/product/divan-mare-mini-velvet-grafit-new
Диван Спейс Velvet Olive,66990,26%,https://www.divan.ruhttps://www.divan.ru/sankt-peterburg/product/divan-spejs-velvet-olive
Диван Сваут Velvet Mustard,66990,20%,https://www.divan.ruhttps://www.divan.ru/sankt-peterburg/product/divan-svaut-velvet-mustard
Диван Бонс-Т Velvet Emerald,46990,39%,https://www.divan.ruhttps://www.divan.ru/sankt-peterburg/product/divan-bons-t-velvet-emerald
Диван угловой Дарол Velvet Silver,66990,30%,https://www.divan.ruhttps://www.divan.ru/sankt-peterburg/product/divan-uglovoj-darol-velvet-silver
Диван угловой Нордика мини Velvet Coral,59990,25%,https://www.divan.ruhttps://www.divan.ru/sankt-peterburg/product/divan-uglovoj-nordika-mini-velvet-coral
Диван Бонент Velvet Eclipse,79990,35%,https://www.divan.ruhttps://www.divan.ru/sankt-peterburg/product/divan-bonent-velvet-eclipse
Диван угловой Эдвин Velvet Terra,69990,26%,https://www.divan.ruhttps://www.divan.ru/sankt-peterburg/product/divan-uglovoj-edvin-velvet-terra
Диван Эби Мини Linia Mint,58990,31%,https://www.divan.ruhttps://www.divan.ru/sankt-peterburg/product/divan-abi-mini-linia-mint
Диван Роттердам Velvet Yellow,26990,27%,https://www.divan.ruhttps://www.divan.ru/sankt-peterburg/product/divan-rotterdam-velvet-yellow-new
Диван Бруквиль Velvet Blue,52990,30%,https://www.divan.ruhttps://www.divan.ru/sankt-peterburg/product/divan-brukvil-velvet-blue
Кушетка Ринт Bucle Beige,20990,9%,https://www.divan.ruhttps://www.divan.ru/sankt-peterburg/product/kushetka-rint-bucle-beige
Диван Слипсон Мини Linia Stone,46990,20%,https://www.divan.ruhttps://www.divan.ru/sankt-peterburg/product/divan-slipson-mini-linia-stone
Диван угловой Аронт Мини Velvet Pink,59990,20%,https://www.divan.ruhttps://www.divan.ru/sankt-peterburg/product/divan-uglovoj-aront-mini-velvet-pink
Диван угловой Динс Velvet Navy Blue,62990,20%,https://www.divan.ruhttps://www.divan.ru/sankt-peterburg/product/divan-uglovoj-dins-velvet-navy-blue-old-10-04-2024
Диван Кейсес Velvet Grey,26990,25%,https://www.divan.ruhttps://www.divan.ru/sankt-peterburg/product/divan-kejses-velvet-grey
Диван Линс Velvet Navy Blue,34990,30%,https://www.divan.ruhttps://www.divan.ru/sankt-peterburg/product/divan-lins-velvet-navy-blue
Диван Стаус Velvet Caramel,31990,20%,https://www.divan.ruhttps://www.divan.ru/sankt-peterburg/product/divan-staus-velvet-caramel
Диван Види Textile Ocean,25990,41%,https://www.divan.ruhttps://www.divan.ru/sankt-peterburg/product/divan-vidi-textile-ocean
Диван Виенсо Bucle Sand,79990,16%,https://www.divan.ruhttps://www.divan.ru/sankt-peterburg/product/divan-vienso-bucle-sand
Диван Лави Velvet Yellow,43990,35%,https://www.divan.ruhttps://www.divan.ru/sankt-peterburg/product/divan-lavi-velvet-yellow
Диван Риен Velvet Smoke,54990,20%,https://www.divan.ruhttps://www.divan.ru/sankt-peterburg/product/divan-rien-velvet-smoke
Диван угловой Вильен мини Velvet Terra,59990,25%,https://www.divan.ruhttps://www.divan.ru/sankt-peterburg/product/divan-uglovoj-vilen-mini-velvet-terra
Диван Пайпел Bucle Grafit,54990,15%,https://www.divan.ruhttps://www.divan.ru/sankt-peterburg/product/divan-pajpel-bucle-grafit
Диван Мейлон Velvet Beige,47990,30%,https://www.divan.ruhttps://www.divan.ru/sankt-peterburg/product/divan-mejlon-velvet-beige
Кушетка Кото Cozy Ivory,46990,6%,https://www.divan.ruhttps://www.divan.ru/sankt-peterburg/product/kushetka-koto-cozy-ivory
Диван Марей Soft Grey,94990,16%,https://www.divan.ruhttps://www.divan.ru/sankt-peterburg/product/divan-marej-soft-grey
Диван Сорен Textile Yellow,64990,17%,https://www.divan.ruhttps://www.divan.ru/sankt-peterburg/product/divan-soren-textile-yellow
Диван Инес Vertical Blue,42990,36%,https://www.divan.ruhttps://www.divan.ru/sankt-peterburg/product/divan-ines-vertical-blue
Диван Данста Velvet Light,68990,26%,https://www.divan.ruhttps://www.divan.ru/sankt-peterburg/product/divan-dansta-velvet-light
Диван угловой Шера Velvet Olive,109990,15%,https://www.divan.ruhttps://www.divan.ru/sankt-peterburg/product/divan-uglovoj-shera-velvet-olive
Диван Викс Textile Grafit,21990,19%,https://www.divan.ruhttps://www.divan.ru/sankt-peterburg/product/divan-viks-textile-grafit
Диван Нумо Velvet Grey,38990,30%,https://www.divan.ruhttps://www.divan.ru/sankt-peterburg/product/divan-numo-velvet-grey
